company_name,primary_vertical,company_size_band,hq_country,amazon_presence,walmart_presence,target_presence,retailer_count,product_breadth,brand_count_band,ecommerce_complexity,ecommerce_hiring_signal,retail_media_signal,ai_signal,digital_transformation_signal,growth_signal,recent_signal_date,recent_signal_description,signal_source_url,primary_persona,secondary_persona,icp_fit_score,buying_signal_score,sales_accessibility_score,total_score,priority_tier,research_status
SharkNinja,Appliances,Enterprise,USA,High,Yes,Yes,4,High,Large,High,Yes,Yes,Yes,Yes,Yes,2026-09-01,Strong ecommerce and digital shelf complexity across major retailers,https://www.sharkninja.com,VP Ecommerce,Head of Retail Media,,,,,,Draft
e.l.f. Beauty,Beauty,Enterprise,USA,High,Yes,Yes,4,Medium,Several,High,Yes,Yes,Yes,Yes,Yes,2026-09-01,Fast-growing digital-first beauty brand with strong retail expansion,https://www.elfbeauty.com,VP Ecommerce,VP Digital,,,,,,Draft
Celsius Holdings,Beverage,Enterprise,USA,High,Yes,Yes,4,Medium,Several,High,Yes,Yes,Yes,Yes,Yes,2026-09-01,High-growth beverage company with expanding retail and ecommerce presence,https://www.celsius.com,VP Ecommerce,VP Digital Commerce,,,,,,Draft
The Clorox Company,Household,Enterprise,USA,High,Yes,Yes,5,High,Large,High,Yes,Yes,Yes,Yes,Yes,2026-09-01,Large CPG portfolio with significant omnichannel retail complexity,https://www.thecloroxcompany.com,VP Ecommerce,Head of Retail Media,,,,,,Draft
Church & Dwight,Household,Enterprise,USA,High,Yes,Yes,5,High,Large,High,Yes,Yes,Yes,Yes,Yes,2026-09-01,Multi-brand personal care and household portfolio across major retailers,https://churchdwight.com,VP Ecommerce,VP Digital Commerce,,,,,,Draft
Newell Brands,Consumer Products,Enterprise,USA,High,Yes,Yes,5,High,Large,High,Yes,Yes,Yes,Yes,Yes,2026-09-01,Diverse multi-brand portfolio with strong ecommerce and retail distribution,https://www.newellbrands.com,VP Ecommerce,Head of Digital Commerce,,,,,,Draft
Kenvue,Consumer Health,Enterprise,USA,High,Yes,Yes,5,High,Large,High,Yes,Yes,Yes,Yes,Yes,2026-09-01,Large consumer health portfolio with broad retailer and digital presence,https://www.kenvue.com,VP Ecommerce,VP Digital Commerce,,,,,,Draft
Conagra Brands,Food,Enterprise,USA,High,Yes,Yes,5,High,Large,High,Yes,Yes,Yes,Yes,Yes,2026-09-01,Large packaged food portfolio with strong omnichannel retail complexity,https://www.conagrabrands.com,VP Ecommerce,Head of Retail Media,,,,,,Draft
YETI Holdings,Consumer Products,Upper Mid-Market,USA,High,Yes,Yes,4,Medium,Several,High,Yes,Yes,Yes,Yes,Yes,2026-09-01,Premium consumer brand with strong direct and retail ecommerce presence,https://www.yeti.com,VP Ecommerce,VP Digital,,,,,,Draft
Garmin,Consumer Electronics,Enterprise,USA,High,Yes,Yes,5,High,Several,High,Yes,Yes,Yes,Yes,Yes,2026-09-01,Large consumer electronics catalog sold through multiple retail channels,https://www.garmin.com,VP Ecommerce,Head of Digital Commerce,,,,,,Draft
